Workbook

Sheet VISITE PREALABLE
F1: VISITE PRÉALABLE aux TRAVAUX de MISE à DISPOSITION | S1: RÉALISÉE LE :
A3: ATELIER | S3: RESPONSABLE
A4: OXO | S4: B.ARON
B6: ÉQUIPEMENT | K6: C7401
C9: ■ SPÉCIFICITÉS de L'ÉQUIPEMENT :
C11: ■ PRODUIT :
C13: ■ RAISONS de la MAD :
C15: ■ N° CHRONO MAD :
A18: PARTICIPANTS | G18: SOCIÉTÉ | J18: NOM et PRÉNOM | Q18: SIGNATURE
A19: SUPERVISEUR TRAVAUX
A20: EXPLOITANT
A21: HSE
A22: ENTREPRISE EXTÉRIEURE
A24: AUTRES SECTEURS CONCERNÉS
A26: DOCUMENTS UTILISÉS
A28: POINTS IMPORTANTS A RETENIR
A29: 1
A31: 2
A33: 3
A35: 4
A38: REMARQUES COMPLÉMENTAIRES
A39: 1
A41: 2
A43: 3
A45: 4

Sheet PROCEDURE
G1: PROCEDURE MAD-REL | M1: RÉFÉRENCE | P1: RÉVISION | R1: DATE | U1: PAGE
M2: OXO-38-C7401 | P2: 2 | R2: 46003 | U2: 1
A3: ATELIER | M3: RÉDIGÉ PAR | R3: VALIDÉ PAR
A4: OXO | M4: L JULIEN
B8: N° | C8: ACTION | M8: ACTEUR | O8: RISQUES | R8: TYPE | S8: VALIDÉE PAR | T8: LE
C9: 1-MANOEUVRES PREPARATOIRES | R9: MAD
B10: 1 | C10: Déplatiner l’azote platine PT15 en veillant que V11 et V12 soient bien fermées | M10: ADF | O10: Retour produit | R10: MAD
B11: 2 | C11: Verifier le déplatinage torche (PT8 ) en s'assurant que V3 et V6 soient fermées | R11: MAD
B12: 3 | C12: Baisser PRC7422 à 0.2b | R12: MAD
B13: 4 | C13: PRC 7429 en auto local | R13: MAD
B14: 5 | C14: Augmenter progressivement le SP de PRC7429 par paliers de 0.05 pour une ouverture totale de la vanne de recyclage | R14: MAD
B15: 6 | C15: Réduire simultanément l’ouverture de HSCV7421 (par pas de 10 %) jusqu’à 80 %. | R15: MAD
B16: 7 | C16: Surveiller la pression de refoulement du C7401. | R16: MAD
B17: 8 | C17: Fermer HSCV7421 par étages de 10 % jusqu’à 30%. | R17: MAD
B18: 9 | C18: Fermer HSV7440 (injection azote sur clapets) à 0% pour débrayer C7401. | R18: MAD
B19: 10 | C19: Fermer HSCV7421 à –14%. | R19: MAD
C20: 2-ARRET DU COMPRESSEUR | R20: MAD
B21: 11 | C21: Arrêter le compresseur par SNCC. | R21: MAD
B22: 12 | C22: A l’arrêt du compresseur le système (SNCC) va modifier automatiquement et la hausse (plus 1 bar) la PRC7413 de façon à maintenir le ratio H2/CO vers la section Rhodium. | R22: MAD
B23: 13 | C23: Augmenter ou baisser PRC7413 pour affiner le ratio H2/CO | R23: MAD
B24: 14 | C24: Vérifier le fonctionnement de la pompe à huile auxiliaire C7401XM et confirmer la marche. | R24: MAD
C25: 3-ISOLEMENT DES CIRCUITS PRINCIPAUX | R25: MAD
B26: 15 | C26: Fermer les vannes asp V1 et V7 et mise en place des prolocks | R26: MAD
B27: 16 | C27: Fermer la vanne V2 et mise en place prolock | R27: MAD
B28: 17 | C28: Fermer la vanne V5 et mise en place prolock | R28: MAD
C29: 4-ISOLEMENT DU CIRCUIT DE REFROIDISSEMENT DU COMPRESSEUR | R29: MAD
B30: 18 | C30: Fermer les vannes d'entree et sortie des réfrigérants C7401E1 et C7401 E2 | R30: MAD
B31: 19 | C31: Fermer les vannes d'entree et sortie des réfrigérants C7401E4 | R31: MAD
B32: 20 | C32: Isolement E.R sur E7403 | R32: MAD
B33: 21 | C33: Isolement réfrigérant d'huile C7401E3 A/B | R33: MAD
B34: 22 | C34: Isolement refroidissement des cylindres | R34: MAD
B35: 23 | C35: Arret pompe à huile auxiliaire C7401XM | R35: MAD
B36: 24 | C36: Isoler l'azote de balayage sur la caisse à huile , fermer V13 et mise en place prolock | R36: MAD
B37: 25 | C37: Isoler l'azote sur les chambres intermédiaires et clapet , fermer V10 | R37: MAD
C38: 5-ISOLEMENT AR7401-3 | R38: MAD
B39: 26 | C39: Si besoin - Isoler AR7401-3 manuellement et à l'arret sur SNCC - Sur vue '' analyseur '' du SNCC ( overview Rhodium analyseur 1 ) - Mettre AZ7401.3 sur manu arret | R39: MAD
C40: 6-BALAYAGE AZOTE | R40: MAD
B41: 27 | C41: Ouvrir PRC 7429 à 100% ainsi que les vannes d encadrement | O41: Asphyxie | R41: MAD
B42: 28 | C42: Dégazer le C7401 à la torche par V3 et V6 | R42: MAD
B43: 29 | C43: Fermer les vannes V9 et V8, prolocker V9 (chambres vers torche) | R43: MAD
B44: 30 | C44: Faire 15 gonflages et dégonflages à l’azote en ouvrant les vannes azote V11 et V12 et dégazer à la torche par V3 et V6 (ATTENTION NE PAS DEPASSER 0.4 B POUR FAIRE LES GONFLAGES ET DEGONFLAGES) | R44: MAD
B45: 31 | C45: Si teneur inférieur à 50 ppm de CO à la prise d’échantillon au refoulement, fermer V3 et V6, et prolocker V6 | R45: MAD
B46: 32 | C46: Fermer les vannes V11 / V12 | R46: MAD
C47: 7-PLATINAGE | R47: MAD
B48: 33 | C48: Condamner les moteurs electriques ( compresseur , pompe à huile et resistance sur huile ) | R48: MAD
B49: 34 | C49: Faire poser la platine PT8 | M49: ADF | R49: MAD
B50: 35 | C50: Fermer V4 et faire déposer PT10 | M50: ADF | R50: MAD
B51: 36 | C51: Ouvrir V4 et contrôle zéro énergie avec l'entreprise | R51: MAD
B52: 37 | C52: Mettre un très léger balayage d’azote en ouvrant V11 , V12 et V4 ouverte. | R52: MAD
B53: 38 | C53: Faire platiner sous ARI à l’ouverture des brides PT1 / PT2 / PT9 / PT7 | M53: ADF | O53: Asphyxie | R53: MAD
B54: 39 | C54: Faires des 5 gonflages et dégonflages à l’azote en ouvrant les vannes azote V11 et V12 et dégazer à l’atmos par V4 (ATTENTION NE PAS DEPASSER 0.4 B POUR FAIRE LES GONFLAGES ET DEGONFLAGES) | O54: Asphyxie | R54: MAD
B55: 40 | C55: Si teneur inférieur à 50 ppm de CO à la prise d’échantillon au refoulement et plus de présence de LIE, procéder au reste du platinage | R55: MAD
B56: 41 | C56: Fermer V11 / V12 (azote vers apiration C7401) | R56: MAD
B57: 42 | C57: Ouvrir V4 et prolocker la vanne (zéro énergie) | R57: MAD
B58: 43 | C58: Faire poser les platines PT5 / PT4 / PT6 / PT11 / PT12 / PT13 / PT15 | M58: ADF | R58: MAD
B59: 44 | C59: S’assurer que la platine PT14 (S7405 vers TH ) est bien fermée | R59: MAD
B60: 45 | C60: PT10 reste en position ouverte | R60: MAD
C61: 8-LE C7401 EST DISPONIBLE POUR MECANIQUE | R61: MAD
C62: 9-TEST ETANCHEITE DES CLAPETS APRES FIN TRAVAUX | R62: REL
B63: 46 | C63: Faire déplatiné l’azote la platine PT15 | M63: ADF | R63: REL
B64: 47 | C64: Les autres platines restent en place | R64: REL
B65: 48 | C65: Gonfler le compresseur à 0.4b maximum et procéder au test des joints des clapets avec le S/M si ok faire la suite | R65: REL
C66: 10-MISE EN SERVICE DU COMPRESSEUR | R66: REL
B67: 49 | C67: Une fois la clôture des permis mécanique ,procéder au déplatinage du compresseur sauf PT8 / PT 5 / PT14 (platine torche) | R67: REL
B68: 50 | C68: Gonfler le C7401 à 0.4b est procéder à l’épreuve des joints selon la liste ci-joint en annexe | R68: REL
B69: 51 | C69: Si ok faire une série de 8 gonflages / dégonflages à l’azote par V11 / V12 et V4 | R69: REL
B70: 52 | C70: Faire un orsat au niveau de la prise d’échantillon au refoulement du C7401 | O70: Explosion | R70: REL
B71: 53 | C71: Si orsat inf à 0.5% ,Dégonfler le compresseur par V4 | R71: REL
B72: 54 | C72: Fermer V4 et faire platiner PT10 (vers atm) | M72: ADF | R72: REL
B73: 55 | C73: Faire déplatiner PT8 (torche ) et PT5 (chambre vers torche ) | M73: ADF | R73: REL
B74: 56 | C74: La platine PT14 (S7405 vers TH ) reste en position fermée | R74: REL
B75: 57 | C75: Vérifier la fermeture des vannes de purge des entretoises du compresseur (vanne de purge au niveau garnitures) | R75: REL
B76: 58 | C76: Mettre le compresseur sous léger balayage azote à la torche par V3 ET V6 (max 0.4b) | R76: REL
B77: 59 | C77: Décondamner les moteurs electriques ( compresseur , pompe à huile et resistance sur huile ) | R77: REL
B78: 60 | C78: Redisposer le refroidissement -Ouvrir les vannes d'entree et sortie des réfrigérants C7401E1 et C7401 E2 | O78: Détérioration matériau | R78: REL
B79: 61 | C79: Redisposer le refroidissement -Ouvrir les vannes d'entree et sortie des réfrigérants C7401E4 | O79: Détérioration matériau | R79: REL
B80: 62 | C80: Redisposer le refroidissement sur E7403 | O80: Détérioration matériau | R80: REL
B81: 63 | C81: Redisposer le refroidissement sur le réfrigérant d'huile C7401E3 A/B | O81: Détérioration matériau | R81: REL
B82: 64 | C82: Redisposer le refroidissement des cylindres | O82: Détérioration matériau | R82: REL
B83: 65 | C83: Ouvrir la vanne V13 ( azote de balayage sur la caisse à huile ) | R83: REL
B84: 66 | C84: Ouvrir la vanne V10 (azote vers clapets et chambres ) | R84: REL
B85: 67 | C85: Ouvrir les vannes V8 / V9 (chambres vers torche ) | R85: REL
B86: 68 | C86: Démarrer la pompe à huile auxiliaire , contrôler le niveau de la caisse à huile | R86: REL
B87: 69 | C87: Vérifier la pression de refoulement de la pompe à huile (supérieur à 2.5b) | R87: REL
B88: 70 | C88: Fermer V11 / V12 (N2 aspiration C7401) et fermer V3 / V6 vers torche | R88: REL
B89: 71 | C89: Faire platiner PT15 (N2 aspiration C7401) | M89: ADF | R89: REL
B90: 72 | C90: Ouvrir V1 (vanne aspiration ) et dépose prolock | R90: REL
B91: 73 | C91: Ouvrir V2 (vanne refoulement) et dépose prolock ( en amont HSCV 7421) | R91: MAD
B92: 74 | C92: Ouvrir V5 en aval PRC7429 et dépose prolock ( recyclage ), | R92: MAD
B93: 75 | C93: Mettre PRC 7429 en mode MANU , OP à 114% ,s'assurer que la vanne auto est bien ouverte | R93: MAD
B94: 76 | C94: Disposer manuellement AR7401-3 | R94: MAD
B95: 77 | C95: Vérifier que le bouton d arret d'urgence sur pupitre HSC7401 et local AU7401 est déverouillé | R95: MAD
B96: 78 | C96: Démarrage C7401 par bouton poussoir en local | R96: MAD
B97: 79 | C97: Simultanément ouvrir HSCV7421 à 100% (sinon déclenchement par pression haute car ligne de recyclage trop petite) | O97: Détérioration matériau | R97: REL
B98: 80 | C98: Vérifier que l 'intensité se stabilise après 15 secondes | R98: REL
B99: 81 | C99: Vérifier le démarrage de la pompe à huile attelée et l'arret de la pompe auxilaire | R99: REL
B100: 82 | C100: Faire une tournée du compresseur pour veiller à l absence de fuite ou de bruit anormale | R100: REL
B101: 83 | C101: Mettre en charge le compresseur par injection d azote sur les clapets (ouverture HSV7440 ) | R101: REL
B102: 84 | C102: Réduire PRCV 7429 à 95% d'ouverture en manuel | R102: REL
B103: 85 | C103: Passer PRCV 7429 en AUTO/LOCAL et baisser progressivement la pression vers 0.12b | R103: REL
...

Sheet PLANS ISOLEMENT (Portrait)
F1: PLAN D'ISOLEMENT ET PLATINES MAD | Q1: RÉFÉRENCE | U1: PAGE
Q2: =PROCEDURE!M2 -> MAD-OXO-38-C7401 | U2: 1
A3: ATELIER | Q3: RÉVISION | S3: DATE
A4: OXO | Q4: =PROCEDURE!P2 -> 2 | S4: =PROCEDURE!R2 -> 46003
F56: PLAN D'ISOLEMENT ET PLATINES MAD | Q56: RÉFÉRENCE | U56: PAGE
U57: 2
A58: ATELIER | Q58: RÉVISION | S58: DATE
A59: OXO
F111: PLAN D'ISOLEMENT ET PLATINES MAD | Q111: RÉFÉRENCE | U111: PAGE
U112: 3
A113: ATELIER | Q113: RÉVISION | S113: DATE
A114: OXO
F170: PLAN D'ISOLEMENT ET PLATINES MAD | Q170: RÉFÉRENCE | U170: PAGE
U171: 4
A172: ATELIER | Q172: RÉVISION | S172: DATE
A173: OXO

Sheet PLANS ISOLEMENT (Paysage) 
D1: ATELIER | I1: PLAN D ISOLEMENT C7401 | T1: RÉFÉRENCE | X1: RÉVISION | Z1: DATE | AB1: PAGE
D2: OXOCHIMIE | T2: =PROCEDURE!M2 -> MAD-OXO-38-C7401 | X2: =PROCEDURE!P2 -> 2 | Z2: =PROCEDURE!R2 -> 46003 | AB2: 1

Sheet ISOLEMENT
F1: LISTE DES VANNES POUR ISOLEMENT | Q1: RÉFÉRENCE | T1: PAGE
Q2: =PROCEDURE!M2 -> MAD-OXO-38-C7401 | T2: 1
A3: ATELIER | Q3: RÉVISION | R3: DATE
A4: OXO | Q4: =PROCEDURE!P2 -> 2 | R4: =PROCEDURE!R2 -> 46003
B6: ÉQUIPEMENT | K6: C7401
AA7: ZERO ENERGIE
B8: ISOLEMENT | L8: DÉSISOLEMENT
C9: RÉCEPTION RÉALISÉE PAR : | M9: RÉCEPTION RÉALISÉE PAR :
E11: CODOP / CHARGÉ D'EXPLOITATION | O11: CODOP / CHARGÉ D'EXPLOITATION
E13: CHEF de QUART | O13: CHEF de QUART
B15: NOM | G15: SIGNATURE | L15: NOM | Q15: SIGNATURE
A18: 1 | B18: IDENTIFICATION | F18: LOCALISATION | H18: Aspiration 1 er étage C7401
B19: V1
F20: POSITION | H20: FERMÉE | P20: NOM | R20: SIGNATURE
B21: OUTIL
B22: PROLOCK | F22: POSÉ LE :
F23: DÉPOSÉ LE :
A25: 2 | B25: IDENTIFICATION | F25: LOCALISATION | H25: Refoulement 3 eme en amont HSCV7421
B26: V2
F27: POSITION | H27: FERMÉE | P27: NOM | R27: SIGNATURE
B28: OUTIL
B29: PROLOCK | F29: POSÉ LE :
F30: DÉPOSÉ LE :
A32: 3 | B32: IDENTIFICATION | F32: LOCALISATION | H32: Event vers atmosphere | V32: ZERO ENERGIE
B33: V4
F34: POSITION | H34: OUVERT | P34: NOM | R34: SIGNATURE
B35: OUTIL
B36: PROLOCK | F36: POSÉ LE :
F37: DÉPOSÉ LE :
A39: 4 | B39: IDENTIFICATION | F39: LOCALISATION | H39: PRC7429 vers F7501 (recyclage)
B40: V5
F41: POSITION | H41: FERMÉE | P41: NOM | R41: SIGNATURE
B42: OUTIL
B43: PROLOCK | F43: POSÉ LE :
F44: DÉPOSÉ LE :
A46: 5 | B46: IDENTIFICATION | F46: LOCALISATION | H46: Refoulement 3 eme vers torche
B47: V6
F48: POSITION | H48: FERMÉE | P48: NOM | R48: SIGNATURE
B49: OUTIL
B50: PROLOCK | F50: POSÉ LE :
F51: DÉPOSÉ LE :
A53: 6 | B53: IDENTIFICATION | F53: LOCALISATION | H53: By pass du S7405
B54: V7
F55: POSITION | H55: FERMÉE | P55: NOM | R55: SIGNATURE
B56: OUTIL
B57: PROLOCK | F57: POSÉ LE :
F58: DÉPOSÉ LE :
A60: 7 | B60: IDENTIFICATION | F60: LOCALISATION | H60: Décompression clapets vers torche
B61: V9
F62: POSITION | H62: FERMÉE | P62: NOM | R62: SIGNATURE
B63: OUTIL
B64: PROLOCK | F64: POSÉ LE :
F65: DÉPOSÉ LE :
A67: 8 | B67: IDENTIFICATION | F67: LOCALISATION | H67: Azote vers caisse à huile
B68: V13
F69: POSITION | H69: FERMÉE | P69: NOM | R69: SIGNATURE
B70: OUTIL
B71: PROLOCK | F71: POSÉ LE :
F72: DÉPOSÉ LE :
A74: 9 | B74: IDENTIFICATION | F74: LOCALISATION
F76: POSITION | H76: FERMÉE | P76: NOM | R76: SIGNATURE
B77: OUTIL
B78: PROLOCK | F78: POSÉ LE :
F79: DÉPOSÉ LE :
A81: 10 | B81: IDENTIFICATION | F81: LOCALISATION
F83: POSITION | H83: FERMÉE | P83: NOM | R83: SIGNATURE
B84: OUTIL
B85: PROLOCK | F85: POSÉ LE :
F86: DÉPOSÉ LE :
A88: 11 | B88: IDENTIFICATION | F88: LOCALISATION
F90: POSITION | H90: FERMÉE | P90: NOM | R90: SIGNATURE
B91: OUTIL
B92: PROLOCK | F92: POSÉ LE :
F93: DÉPOSÉ LE :
A95: 12 | B95: IDENTIFICATION | F95: LOCALISATION
F97: POSITION | H97: FERMÉE | P97: NOM | R97: SIGNATURE
B98: OUTIL
B99: PROLOCK | F99: POSÉ LE :
F100: DÉPOSÉ LE :
A102: 13 | B102: IDENTIFICATION | F102: LOCALISATION
F104: POSITION | H104: FERMÉE | P104: NOM | R104: SIGNATURE
B105: OUTIL
B106: PROLOCK | F106: POSÉ LE :
F107: DÉPOSÉ LE :
A109: 14 | B109: IDENTIFICATION | F109: LOCALISATION
F111: POSITION | H111: FERMÉE | P111: NOM | R111: SIGNATURE
B112: OUTIL
B113: PROLOCK | F113: POSÉ LE :
F114: DÉPOSÉ LE :
A116: 15 | B116: IDENTIFICATION | F116: LOCALISATION
F118: POSITION | H118: FERMÉE | P118: NOM | R118: SIGNATURE
B119: OUTIL
B120: PROLOCK | F120: POSÉ LE :
F121: DÉPOSÉ LE :
A123: 16 | B123: IDENTIFICATION | F123: LOCALISATION
F125: POSITION | H125: FERMÉE | P125: NOM | R125: SIGNATURE
B126: OUTIL
B127: PROLOCK | F127: POSÉ LE :
F128: DÉPOSÉ LE :
A130: 17 | B130: IDENTIFICATION | F130: LOCALISATION
...

Sheet PLAN DE PLATINAGE &JOINTS
D1: ATELIER | I1: PLAN DE PLATINAGE C7401 | T1: RÉFÉRENCE | X1: RÉVISION | Z1: DATE | AB1: PAGE
D2: OXOCHIMIE | T2: =PROCEDURE!M2 -> MAD-OXO-38-C7401 | X2: =PROCEDURE!P2 -> 2 | Z2: =PROCEDURE!R2 -> 46003 | AB2: 1

Sheet PLATINES
F1: LISTE DES PLATINES | Q1: RÉFÉRENCE | U1: PAGE
Q2: =PROCEDURE!M2 -> MAD-OXO-38-C7401 | U2: 1
A3: ATELIER | Q3: RÉVISION | S3: DATE
A4: OXO | Q4: =PROCEDURE!P2 -> 2 | S4: =PROCEDURE!R2 -> 46003
B6: ÉQUIPEMENT | K6: C7401
AA7: DEBUT MAD
B8: RÉCEPTION FINALE du PLATINAGE | L8: RÉCEPTION FINALE du DÉPLATINAGE | AA8: FIN MAD
B9: 1 | D9: RÉCEPTION ENTREPRISE EXTÉRIEURE ou SUPERVISEUR TRAVAUX | L9: 3 | N9: RÉCEPTION ENTREPRISE EXTÉRIEURE ou SUPERVISEUR TRAVAUX | AA9: DEBUT REL
B10: NOM | G10: SIGNATURE | L10: NOM | Q10: SIGNATURE | AA10: FIN REL
B12: 2 | D12: RÉCEPTION EXPLOITANT HABILITÉ | L12: 4 | N12: RÉCEPTION EXPLOITANT HABILITÉ
B13: NOM | G13: SIGNATURE | L13: NOM | Q13: SIGNATURE
A16: 1 | B16: IDENTIFICATION | F16: LOCALISATION | H16: Aspiration 1 er étage C7401
B17: PT1
F18: ÉTIQUETTE | H18: ROUGE | O18: NOM | R18: SIGNATURE
B19: TYPE | F19: POSÉE LE
B20: PLATINE | F20: DÉPOSÉE LE
F21: TEST MÉCANIQUE
F22: TEST D'ETANCHÉITÉ
A24: 2 | B24: IDENTIFICATION | F24: LOCALISATION | H24: By pass du S7405
B25: PT2
F26: ÉTIQUETTE | H26: ROUGE | O26: NOM | R26: SIGNATURE
B27: TYPE | F27: POSÉE LE
B28: PLATINE | F28: DÉPOSÉE LE
F29: TEST MÉCANIQUE
F30: TEST D'ETANCHÉITÉ
A32: 3 | B32: IDENTIFICATION | F32: LOCALISATION | H32: Azote 6 b vers clapets et chambres
B33: PT4
F34: ÉTIQUETTE | H34: ROUGE | O34: NOM | R34: SIGNATURE
B35: TYPE | F35: POSÉE LE
B36: PLATINE | F36: DÉPOSÉE LE
F37: TEST MÉCANIQUE
F38: TEST D'ETANCHÉITÉ
A40: 4 | B40: IDENTIFICATION | F40: LOCALISATION | H40: Décompression clapets vers torche
B41: PT5
F42: ÉTIQUETTE | H42: ROUGE | O42: NOM | R42: SIGNATURE
B43: TYPE | F43: POSÉE LE
B44: PLATINE | F44: DÉPOSÉE LE
F45: TEST MÉCANIQUE
F46: TEST D'ETANCHÉITÉ
A48: 5 | B48: IDENTIFICATION | F48: LOCALISATION | H48: Azote vers caisse à huile
B49: PT6
F50: ÉTIQUETTE | H50: ROUGE | O50: NOM | R50: SIGNATURE
B51: TYPE | F51: POSÉE LE
B52: PLATINE | F52: DÉPOSÉE LE
F53: TEST MÉCANIQUE
F54: TEST D'ETANCHÉITÉ
A56: 6 | B56: IDENTIFICATION | F56: LOCALISATION | H56: Refoulement 3 eme en amont HSCV7421
B57: PT7
F58: ÉTIQUETTE | H58: ROUGE | O58: NOM | R58: SIGNATURE
B59: TYPE | F59: POSÉE LE
B60: PLATINE | F60: DÉPOSÉE LE
F61: TEST MÉCANIQUE
F62: TEST D'ETANCHÉITÉ
A64: 7 | B64: IDENTIFICATION | F64: LOCALISATION | H64: Refoulement 3 eme vers torche
B65: PT8
F66: ÉTIQUETTE | H66: ROUGE | O66: NOM | R66: SIGNATURE
B67: TYPE | F67: POSÉE LE
B68: PLATINE | F68: DÉPOSÉE LE
F69: TEST MÉCANIQUE
F70: TEST D'ETANCHÉITÉ
A72: 8 | B72: IDENTIFICATION | F72: LOCALISATION | H72: Ligne recyclage compresseur
B73: PT9
F74: ÉTIQUETTE | H74: ROUGE | O74: NOM | R74: SIGNATURE
B75: TYPE | F75: POSÉE LE
B76: PLATINE | F76: DÉPOSÉE LE
F77: TEST MÉCANIQUE
F78: TEST D'ETANCHÉITÉ
A80: 9 | B80: IDENTIFICATION | F80: LOCALISATION | H80: Event vers atmosphere
B81: PT10
F82: ÉTIQUETTE | H82: ROUGE | O82: NOM | R82: SIGNATURE
B83: TYPE | F83: POSÉE LE
B84: PLATINE | F84: DÉPOSÉE LE
F85: TEST MÉCANIQUE
F86: TEST D'ETANCHÉITÉ
A88: 10 | B88: IDENTIFICATION | F88: LOCALISATION | H88: Soupape refoulement 1 er
B89: PT11
F90: ÉTIQUETTE | H90: ROUGE | O90: NOM | R90: SIGNATURE
B91: TYPE | F91: POSÉE LE
B92: PLATINE | F92: DÉPOSÉE LE
F93: TEST MÉCANIQUE
F94: TEST D'ETANCHÉITÉ
A96: 11 | B96: IDENTIFICATION | F96: LOCALISATION | H96: Soupape refoulement 2 eme
B97: PT12
F98: ÉTIQUETTE | H98: ROUGE | O98: NOM | R98: SIGNATURE
B99: TYPE | F99: POSÉE LE
B100: PLATINE | F100: DÉPOSÉE LE
F101: TEST MÉCANIQUE
F102: TEST D'ETANCHÉITÉ
A104: 12 | B104: IDENTIFICATION | F104: LOCALISATION | H104: Soupape refoulement 3 ème
B105: PT13
F106: ÉTIQUETTE | H106: ROUGE | O106: NOM | R106: SIGNATURE
B107: TYPE | F107: POSÉE LE
B108: PLATINE | F108: DÉPOSÉE LE
F109: TEST MÉCANIQUE
F110: TEST D'ETANCHÉITÉ
A112: 13 | B112: IDENTIFICATION | F112: LOCALISATION | H112: Dégazage S7405 vers torche
B113: PT14
F114: ÉTIQUETTE | H114: ROUGE | O114: NOM | R114: SIGNATURE
B115: TYPE | F115: POSÉE LE
B116: PLATINE | F116: DÉPOSÉE LE
...

Sheet ORIFICES CAPACITES
F1: LISTE des ORIFICES D'ACCÈS aux CAPACITÉS | Q1: RÉFÉRENCE | U1: PAGE
Q2: =PROCEDURE!M2 -> MAD-OXO-38-C7401 | U2: 1
A3: ATELIER | Q3: RÉVISION | S3: DATE
A4: OXO | Q4: =PROCEDURE!P2 -> 2 | S4: =PROCEDURE!R2 -> 46003
B6: ÉQUIPEMENT
B8: RÉCEPTION FINALE du PLATINAGE | L8: RÉCEPTION FINALE du DÉPLATINAGE
B9: 1 | D9: RÉCEPTION ENTREPRISE EXTÉRIEURE ou SUPERVISEUR TRAVAUX | L9: 3 | N9: RÉCEPTION ENTREPRISE EXTÉRIEURE ou SUPERVISEUR TRAVAUX
B10: NOM | G10: SIGNATURE | L10: NOM | Q10: SIGNATURE
B12: 2 | D12: RÉCEPTION EXPLOITANT HABILITÉ | L12: 4 | N12: RÉCEPTION EXPLOITANT HABILITÉ
B13: NOM | G13: SIGNATURE | L13: NOM | Q13: SIGNATURE
A16: 1 | B16: IDENTIFICATION | F16: LOCALISATION
F18: ETAT et TEST | H18: DATE | O18: NOM | R18: SIGNATURE
B19: TYPE | F19: OUVERT LE
B20: TROU D'HOMME | F20: FERMÉ LE
F21: TEST MÉCANIQUE
F22: TEST D'ETANCHÉITÉ
A24: 2 | B24: IDENTIFICATION | F24: LOCALISATION
F26: ETAT et TEST | H26: DATE | O26: NOM | R26: SIGNATURE
B27: TYPE | F27: OUVERT LE
B28: TROU D'HOMME | F28: FERMÉ LE
F29: TEST MÉCANIQUE
F30: TEST D'ETANCHÉITÉ
A32: 3 | B32: IDENTIFICATION | F32: LOCALISATION
F34: ETAT et TEST | H34: DATE | O34: NOM | R34: SIGNATURE
B35: TYPE | F35: OUVERT LE
B36: TROU D'HOMME | F36: FERMÉ LE
F37: TEST MÉCANIQUE
F38: TEST D'ETANCHÉITÉ
A40: 4 | B40: IDENTIFICATION | F40: LOCALISATION
F42: ETAT et TEST | H42: DATE | O42: NOM | R42: SIGNATURE
B43: TYPE | F43: OUVERT LE
B44: TROU D'HOMME | F44: FERMÉ LE
F45: TEST MÉCANIQUE
F46: TEST D'ETANCHÉITÉ
A48: 5 | B48: IDENTIFICATION | F48: LOCALISATION
F50: ETAT et TEST | H50: DATE | O50: NOM | R50: SIGNATURE
B51: TYPE | F51: OUVERT LE
B52: TROU D'HOMME | F52: FERMÉ LE
F53: TEST MÉCANIQUE
F54: TEST D'ETANCHÉITÉ
A56: 6 | B56: IDENTIFICATION | F56: LOCALISATION
F58: ETAT et TEST | H58: DATE | O58: NOM | R58: SIGNATURE
B59: TYPE | F59: OUVERT LE
F60: FERMÉ LE
F61: TEST MÉCANIQUE
F62: TEST D'ETANCHÉITÉ
A64: 7 | B64: IDENTIFICATION | F64: LOCALISATION
F66: ETAT et TEST | H66: DATE | O66: NOM | R66: SIGNATURE
B67: TYPE | F67: OUVERT LE
F68: FERMÉ LE
F69: TEST MÉCANIQUE
F70: TEST D'ETANCHÉITÉ
A72: 8 | B72: IDENTIFICATION | F72: LOCALISATION
F74: ETAT et TEST | H74: DATE | O74: NOM | R74: SIGNATURE
B75: TYPE | F75: OUVERT LE
F76: FERMÉ LE
F77: TEST MÉCANIQUE
F78: TEST D'ETANCHÉITÉ
A80: 9 | B80: IDENTIFICATION | F80: LOCALISATION
F82: ETAT et TEST | H82: DATE | O82: NOM | R82: SIGNATURE
B83: TYPE | F83: OUVERT LE
F84: FERMÉ LE
F85: TEST MÉCANIQUE
F86: TEST D'ETANCHÉITÉ
A88: 10 | B88: IDENTIFICATION | F88: LOCALISATION
F90: ETAT et TEST | H90: DATE | O90: NOM | R90: SIGNATURE
B91: TYPE | F91: OUVERT LE
F92: FERMÉ LE
F93: TEST MÉCANIQUE
F94: TEST D'ETANCHÉITÉ

Sheet AUTRES JOINTS TOUCHES
F1: LISTE DES AUTRES JOINTS TOUCHÉS | U1: RÉFÉRENCE | X1: PAGE
T2: =PROCEDURE!M2 -> MAD-OXO-38-C7401 | X2: 1
A3: ATELIER | T3: RÉVISION | V3: DATE
A4: OXO | T4: =PROCEDURE!P2 -> 2 | V4: =PROCEDURE!R2 -> 46003
B6: ÉQUIPEMENT | N6: C7401
F8: RÉCEPTION FINALE de la POSE
F9: 1 | G9: RÉCEPTION ENTREPRISE EXTÉRIEURE ou SUPERVISEUR TRAVAUX
F10: NOM | N10: SIGNATURE
F12: 2 | G12: RÉCEPTION EXPLOITANT HABILITÉ
F13: NOM | N13: SIGNATURE
A16: 1 | B16: IDENTIFICATION | AC16: TUYAUTERIE
AC17: TUBING
F18: POSE et TESTS | K18: DATE | R18: NOM | U18: SIGNATURE
B19: TYPE | F19: JOINT POSÉ LE
F20: TEST MÉCANIQUE
F21: TEST D'ETANCHÉITÉ
A23: 2 | B23: IDENTIFICATION
F25: POSE et TESTS | K25: DATE | R25: NOM | U25: SIGNATURE
B26: TYPE | F26: JOINT POSÉ LE
F27: TEST MÉCANIQUE
F28: TEST D'ETANCHÉITÉ
A30: 3 | B30: IDENTIFICATION
F32: POSE et TESTS | K32: DATE | R32: NOM | U32: SIGNATURE
B33: TYPE | F33: JOINT POSÉ LE
F34: TEST MÉCANIQUE
F35: TEST D'ETANCHÉITÉ
A37: 4 | B37: IDENTIFICATION
F39: POSE et TESTS | K39: DATE | R39: NOM | U39: SIGNATURE
B40: TYPE | F40: JOINT POSÉ LE
F41: TEST MÉCANIQUE
F42: TEST D'ETANCHÉITÉ
A44: 5 | B44: IDENTIFICATION
F46: POSE et TESTS | K46: DATE | R46: NOM | U46: SIGNATURE
B47: TYPE | F47: JOINT POSÉ LE
F48: TEST MÉCANIQUE
F49: TEST D'ETANCHÉITÉ
A51: 6 | B51: IDENTIFICATION
F53: POSE et TESTS | K53: DATE | R53: NOM | U53: SIGNATURE
B54: TYPE | F54: JOINT POSÉ LE
F55: TEST MÉCANIQUE
F56: TEST D'ETANCHÉITÉ
A58: 7 | B58: IDENTIFICATION
F60: POSE et TESTS | K60: DATE | R60: NOM | U60: SIGNATURE
B61: TYPE | F61: JOINT POSÉ LE
F62: TEST MÉCANIQUE
F63: TEST D'ETANCHÉITÉ
A65: 8 | B65: IDENTIFICATION
F67: POSE et TESTS | K67: DATE | R67: NOM | U67: SIGNATURE
B68: TYPE | F68: JOINT POSÉ LE
F69: TEST MÉCANIQUE
F70: TEST D'ETANCHÉITÉ
A72: 9 | B72: IDENTIFICATION
F74: POSE et TESTS | K74: DATE | R74: NOM | U74: SIGNATURE
B75: TYPE | F75: JOINT POSÉ LE
F76: TEST MÉCANIQUE
F77: TEST D'ETANCHÉITÉ
A79: 10 | B79: IDENTIFICATION
F81: POSE et TESTS | K81: DATE | R81: NOM | U81: SIGNATURE
B82: TYPE | F82: JOINT POSÉ LE
F83: TEST MÉCANIQUE
F84: TEST D'ETANCHÉITÉ
A86: 11 | B86: IDENTIFICATION
F88: POSE et TESTS | K88: DATE | R88: NOM | U88: SIGNATURE
B89: TYPE | F89: JOINT POSÉ LE
F90: TEST MÉCANIQUE
F91: TEST D'ETANCHÉITÉ
A93: 12 | B93: IDENTIFICATION
F95: POSE et TESTS | K95: DATE | R95: NOM | U95: SIGNATURE
B96: TYPE | F96: JOINT POSÉ LE
F97: TEST MÉCANIQUE
F98: TEST D'ETANCHÉITÉ
A100: 13 | B100: IDENTIFICATION
F102: POSE et TESTS | K102: DATE | R102: NOM | U102: SIGNATURE
B103: TYPE | F103: JOINT POSÉ LE
F104: TEST MÉCANIQUE
F105: TEST D'ETANCHÉITÉ
A107: 14 | B107: IDENTIFICATION
F109: POSE et TESTS | K109: DATE | R109: NOM | U109: SIGNATURE
B110: TYPE | F110: JOINT POSÉ LE
F111: TEST MÉCANIQUE
F112: TEST D'ETANCHÉITÉ
A114: 15 | B114: IDENTIFICATION
F116: POSE et TESTS | K116: DATE | R116: NOM | U116: SIGNATURE
B117: TYPE | F117: JOINT POSÉ LE
F118: TEST MÉCANIQUE
F119: TEST D'ETANCHÉITÉ
A121: 16 | B121: IDENTIFICATION
F123: POSE et TESTS | K123: DATE | R123: NOM | U123: SIGNATURE
B124: TYPE | F124: JOINT POSÉ LE
F125: TEST MÉCANIQUE
F126: TEST D'ETANCHÉITÉ
A128: 17 | B128: IDENTIFICATION
F130: POSE et TESTS | K130: DATE | R130: NOM | U130: SIGNATURE
B131: TYPE | F131: JOINT POSÉ LE
F132: TEST MÉCANIQUE
F133: TEST D'ETANCHÉITÉ
A135: 18 | B135: IDENTIFICATION
F137: POSE et TESTS | K137: DATE | R137: NOM | U137: SIGNATURE
B138: TYPE | F138: JOINT POSÉ LE
F139: TEST MÉCANIQUE
...

Sheet RISQUES 
A1: RISQUES MAD
A3: Asphyxie
A4: Brulure
A5: Condensation vapeur
A6: Corrosion
A7: Coup de bélier
A8: Débit nul
A9: Détente du fluide
A10: Détérioration matériau
A11: Dilatation thermique
A12: Electricité statique
A13: Electrisation / Electrocution
... A28: Autre

Sheet DIVERS
F1: LISTE DES AUTRES JOINTS TOUCHÉS | U1: RÉFÉRENCE | X1: PAGE
T2: =PROCEDURE!M2 -> MAD-OXO-38-C7401 | X2: 1
A3: ATELIER | T3: RÉVISION | V3: DATE
A4: OXO | T4: =PROCEDURE!P2 -> 2 | V4: =PROCEDURE!R2 -> 46003
B6: ZONE 1 | F6: ÉQUIPEMENT | N6: C7401
AB7: MAD
B8: TYPE | H8: IDENTIFICATION | L8: LOCALISATION | AB8: REL
A9: 1
AD11: INSTRUMENTATION
A12: 2 | AD12: ZERO ENERGIE
AD13: SOUPAPE
AD14: POINT DE FEU
A15: 3
A18: 4
A21: 5
A24: 6
A27: 7
A30: 8
A33: 9
A36: 10
A39: 11
A42: 12
A45: 13
A48: 14
... A66: 20
